{
  "timestamp": "2025-12-02T22:18:18.885876+00:00",
  "commit": "482736b9f25ca9cccd05c978d33d8c6e509f3cc4",
  "commit_short": "482736b",
  "benchmark_count": 16,
  "benchmarks": {
    "compile_sequential_chain/8": {
      "mean_ns": 12804.327197626499,
      "median_ns": 12665.8076688269,
      "std_dev_ns": 804.6057462914995,
      "slope_ns": 12860.36130042855,
      "confidence_interval": {
        "lower_ns": 12667.319496664528,
        "upper_ns": 12980.647794293556,
        "confidence_level": 0.95
      },
      "full_id": "compile_sequential_chain/8"
    },
    "compile_sequential_chain/2": {
      "mean_ns": 4484.583693733537,
      "median_ns": 4467.148115079365,
      "std_dev_ns": 110.57563224002438,
      "slope_ns": 4474.388922135198,
      "confidence_interval": {
        "lower_ns": 4469.8005980334365,
        "upper_ns": 4509.649568595522,
        "confidence_level": 0.95
      },
      "full_id": "compile_sequential_chain/2"
    },
    "compile_sequential_chain/4": {
      "mean_ns": 7138.518632820825,
      "median_ns": 7105.051379038613,
      "std_dev_ns": 196.5231116745782,
      "slope_ns": 7137.523477289023,
      "confidence_interval": {
        "lower_ns": 7105.528336533596,
        "upper_ns": 7181.210384253776,
        "confidence_level": 0.95
      },
      "full_id": "compile_sequential_chain/4"
    },
    "canonicalize_simple_add_circuit": {
      "mean_ns": 839.3015015374847,
      "median_ns": 830.6786533070008,
      "std_dev_ns": 46.95598323307635,
      "slope_ns": 844.4227067055308,
      "confidence_interval": {
        "lower_ns": 832.140114222316,
        "upper_ns": 850.064747827573,
        "confidence_level": 0.95
      },
      "full_id": "canonicalize_simple_add_circuit"
    },
    "verify_canonicalization_idempotence": {
      "mean_ns": 4129.725384513071,
      "median_ns": 4109.7545953855715,
      "std_dev_ns": 136.33150677735898,
      "slope_ns": 4112.093221289306,
      "confidence_interval": {
        "lower_ns": 4112.948387230273,
        "upper_ns": 4159.560592615549,
        "confidence_level": 0.95
      },
      "full_id": "verify_canonicalization_idempotence"
    },
    "canonicalize_h_squared_pattern": {
      "mean_ns": 2391.1765966329726,
      "median_ns": 2304.5697605215173,
      "std_dev_ns": 262.57187575048033,
      "slope_ns": 2363.1829877339055,
      "confidence_interval": {
        "lower_ns": 2345.9730250125085,
        "upper_ns": 2447.977084703985,
        "confidence_level": 0.95
      },
      "full_id": "canonicalize_h_squared_pattern"
    },
    "compile_simple_merge": {
      "mean_ns": 4510.423682346454,
      "median_ns": 4432.219821770172,
      "std_dev_ns": 440.0441216376658,
      "slope_ns": 4578.892184894129,
      "confidence_interval": {
        "lower_ns": 4439.478089622556,
        "upper_ns": 4608.735560479392,
        "confidence_level": 0.95
      },
      "full_id": "compile_simple_merge"
    },
    "canonicalize_complex_circuit": {
      "mean_ns": 2538.1800627973626,
      "median_ns": 2525.863457959762,
      "std_dev_ns": 82.69220773924353,
      "slope_ns": 2528.39987960067,
      "confidence_interval": {
        "lower_ns": 2527.683511902148,
        "upper_ns": 2556.7596540503637,
        "confidence_level": 0.95
      },
      "full_id": "canonicalize_complex_circuit"
    },
    "compile_range_operations/8": {
      "mean_ns": 3361.6345958221964,
      "median_ns": 3349.5683859325163,
      "std_dev_ns": 75.20458130445142,
      "slope_ns": 3357.294930255732,
      "confidence_interval": {
        "lower_ns": 3351.341609524193,
        "upper_ns": 3378.710560158848,
        "confidence_level": 0.95
      },
      "full_id": "compile_range_operations/8"
    },
    "compile_range_operations/16": {
      "mean_ns": 3370.3736104133864,
      "median_ns": 3331.367388167388,
      "std_dev_ns": 182.26140706208983,
      "slope_ns": 3374.881112549066,
      "confidence_interval": {
        "lower_ns": 3338.9801450423347,
        "upper_ns": 3410.002530609277,
        "confidence_level": 0.95
      },
      "full_id": "compile_range_operations/16"
    },
    "compile_range_operations/4": {
      "mean_ns": 3415.929459644558,
      "median_ns": 3402.388998049732,
      "std_dev_ns": 89.92433753579648,
      "slope_ns": 3411.0132267564286,
      "confidence_interval": {
        "lower_ns": 3402.724522374703,
        "upper_ns": 3436.60620695726,
        "confidence_level": 0.95
      },
      "full_id": "compile_range_operations/4"
    },
    "compile_with_transforms": {
      "mean_ns": 7832.83032561867,
      "median_ns": 7801.839895051595,
      "std_dev_ns": 197.21641346668375,
      "slope_ns": 7834.643029407418,
      "confidence_interval": {
        "lower_ns": 7805.479296828899,
        "upper_ns": 7877.437818427459,
        "confidence_level": 0.95
      },
      "full_id": "compile_with_transforms"
    },
    "compile_parallel_marks": {
      "mean_ns": 7981.120316727568,
      "median_ns": 7909.830442583732,
      "std_dev_ns": 458.6012923551453,
      "slope_ns": 7943.647164202939,
      "confidence_interval": {
        "lower_ns": 7916.537536898307,
        "upper_ns": 8085.871293257391,
        "confidence_level": 0.95
      },
      "full_id": "compile_parallel_marks"
    },
    "canonicalize_range_operations/8": {
      "mean_ns": 1030.2878381635053,
      "median_ns": 1025.2968631181093,
      "std_dev_ns": 33.55001893308817,
      "slope_ns": 1027.7347727487825,
      "confidence_interval": {
        "lower_ns": 1025.7164331633137,
        "upper_ns": 1037.8846166432234,
        "confidence_level": 0.95
      },
      "full_id": "canonicalize_range_operations/8"
    },
    "canonicalize_range_operations/16": {
      "mean_ns": 1033.1051944966257,
      "median_ns": 1027.3015980307591,
      "std_dev_ns": 30.300475627632743,
      "slope_ns": 1029.355556346313,
      "confidence_interval": {
        "lower_ns": 1028.6217419975644,
        "upper_ns": 1039.9389927722784,
        "confidence_level": 0.95
      },
      "full_id": "canonicalize_range_operations/16"
    },
    "canonicalize_range_operations/4": {
      "mean_ns": 1009.1864525059013,
      "median_ns": 1003.8539516758184,
      "std_dev_ns": 27.605043761967845,
      "slope_ns": 1008.1837258819977,
      "confidence_interval": {
        "lower_ns": 1005.1512669175615,
        "upper_ns": 1015.5246943919146,
        "confidence_level": 0.95
      },
      "full_id": "canonicalize_range_operations/4"
    }
  }
}